<?xml version="1.0" encoding="UTF-8" standalone="yes"?>
<contentHaul xmlns:a="http://www.appian.com/ae/types/2009">
    <versionUuid>8f8da52d-ff02-45b1-993b-8135a3de1dd8</versionUuid>
    <communityKnowledgeCenter>
        <name>DPOC Knowledge Center</name>
        <uuid>513a4a12-0a6c-40c9-ac34-1760d3c596f2</uuid>
        <description>Stores document folders and files for the application</description>
        <parentUuid>SYSTEM_COMMUNITY_ROOT</parentUuid>
        <visibility>
            <advertise>false</advertise>
            <hierarchy>true</hierarchy>
            <indexable>true</indexable>
            <quota>false</quota>
            <searchable>true</searchable>
            <system>false</system>
            <unlogged>false</unlogged>
        </visibility>
        <expirationDays>0</expirationDays>
    </communityKnowledgeCenter>
    <roleMap public="true">
        <role inherit="false" allowForAll="false" name="readers">
            <users/>
            <groups>
                <groupUuid>923f643e-9a4a-457d-9929-7d6f0caba32b</groupUuid>
            </groups>
        </role>
        <role inherit="false" allowForAll="false" name="authors">
            <users/>
            <groups/>
        </role>
        <role inherit="false" allowForAll="false" name="administrators">
            <users/>
            <groups>
                <groupUuid>ec1bef8d-8b63-45a0-b21c-56f66da631f2</groupUuid>
            </groups>
        </role>
        <role inherit="false" allowForAll="false" name="denyReaders">
            <users/>
            <groups/>
        </role>
        <role inherit="false" allowForAll="false" name="denyAuthors">
            <users/>
            <groups/>
        </role>
        <role inherit="false" allowForAll="false" name="denyAdministrators">
            <users/>
            <groups/>
        </role>
    </roleMap>
    <history>
        <historyInfo versionUuid="8f8da52d-ff02-45b1-993b-8135a3de1dd8"/>
    </history>
</contentHaul>
