<?xml version="1.0" encoding="UTF-8" standalone="yes"?>
<contentHaul xmlns:a="http://www.appian.com/ae/types/2009">
    <versionUuid>e16d794f-0d13-4093-aa87-48e8baf579fa</versionUuid>
    <rulesFolder>
        <name>DPOC Rules &amp; Constants</name>
        <uuid>e5f47a26-775d-43a0-8429-32dff6b27279</uuid>
        <description>Stores expression rules, interfaces, and constants for the application</description>
        <parentUuid>SYSTEM_RULES_ROOT</parentUuid>
        <visibility>
            <advertise>false</advertise>
            <hierarchy>true</hierarchy>
            <indexable>true</indexable>
            <quota>false</quota>
            <searchable>true</searchable>
            <system>false</system>
            <unlogged>false</unlogged>
        </visibility>
    </rulesFolder>
    <roleMap public="true">
        <role inherit="false" allowForAll="false" name="readers">
            <users/>
            <groups>
                <groupUuid>923f643e-9a4a-457d-9929-7d6f0caba32b</groupUuid>
            </groups>
        </role>
        <role inherit="false" allowForAll="false" name="authors">
            <users/>
            <groups/>
        </role>
        <role inherit="false" allowForAll="false" name="administrators">
            <users/>
            <groups>
                <groupUuid>ec1bef8d-8b63-45a0-b21c-56f66da631f2</groupUuid>
            </groups>
        </role>
        <role inherit="false" allowForAll="false" name="denyReaders">
            <users/>
            <groups/>
        </role>
        <role inherit="false" allowForAll="false" name="denyAuthors">
            <users/>
            <groups/>
        </role>
        <role inherit="false" allowForAll="false" name="denyAdministrators">
            <users/>
            <groups/>
        </role>
    </roleMap>
    <history>
        <historyInfo versionUuid="e16d794f-0d13-4093-aa87-48e8baf579fa"/>
    </history>
</contentHaul>
