<?xml version="1.0" encoding="UTF-8" standalone="yes"?>
<groupHaul xmlns:a="http://www.appian.com/ae/types/2009">
    <versionUuid>ec1bef8d-8b63-45a0-b21c-56f66da631f2</versionUuid>
    <group>
        <name>DPOC Administrators</name>
        <securityMap>SECURITYMAP_TEAM</securityMap>
        <uuid>ec1bef8d-8b63-45a0-b21c-56f66da631f2</uuid>
        <groupTypeUuid>SYSTEM_GROUP_TYPE_CUSTOM</groupTypeUuid>
        <description>Assigns Administrator permissions to users for objects in the application</description>
        <delegatedCreation>false</delegatedCreation>
        <memberPolicy>MEMBERPOLICY_CLOSED</memberPolicy>
        <viewingPolicy>VIEWINGPOLICY_LOW</viewingPolicy>
        <attributes/>
    </group>
    <members>
        <users/>
        <groups/>
    </members>
    <admins>
        <users/>
        <groups>
            <groupUuid>ec1bef8d-8b63-45a0-b21c-56f66da631f2</groupUuid>
        </groups>
    </admins>
    <ruleSet/>
    <history>
        <historyInfo versionUuid="ec1bef8d-8b63-45a0-b21c-56f66da631f2"/>
    </history>
</groupHaul>
