<?xml version="1.0" encoding="UTF-8" standalone="yes"?>
<applicationHaul xmlns:a="http://www.appian.com/ae/types/2009">
    <versionUuid>_a-0000ec63-bb64-8000-9c60-011c48011c48_2866614</versionUuid>
    <application>
        <name>Devops POC</name>
        <uuid>0b5c685d-8368-4955-9c80-c9f2b70c8140</uuid>
        <description>This is for DevOps POC only</description>
        <parentUuid>SYSTEM_APPLICATIONS_ROOT</parentUuid>
        <visibility>
            <advertise>false</advertise>
            <hierarchy>true</hierarchy>
            <indexable>true</indexable>
            <quota>false</quota>
            <searchable>true</searchable>
            <system>false</system>
            <unlogged>false</unlogged>
        </visibility>
        <urlIdentifier>Djg2dA</urlIdentifier>
        <published>false</published>
        <public>false</public>
        <prefix>DPOC</prefix>
        <associatedObjects>
            <globalIdMap>
                <item>
                    <type>datatype</type>
                    <uuids/>
                </item>
                <item>
                    <type>dataStore</type>
                    <uuids/>
                </item>
                <item>
                    <type>user</type>
                    <uuids/>
                </item>
                <item>
                    <type>groupType</type>
                    <uuids/>
                </item>
                <item>
                    <type>group</type>
                    <uuids>
                        <uuid>ec1bef8d-8b63-45a0-b21c-56f66da631f2</uuid>
                        <uuid>923f643e-9a4a-457d-9929-7d6f0caba32b</uuid>
                    </uuids>
                </item>
                <item>
                    <type>content</type>
                    <uuids>
                        <uuid>e5f47a26-775d-43a0-8429-32dff6b27279</uuid>
                        <uuid>d03aab8c-2136-4dff-9c9d-e235e5677364</uuid>
                        <uuid>d1ea79db-420a-4a77-a6ca-512325d9f6ad</uuid>
                        <uuid>513a4a12-0a6c-40c9-ac34-1760d3c596f2</uuid>
                    </uuids>
                </item>
                <item>
                    <type>forum</type>
                    <uuids/>
                </item>
                <item>
                    <type>processModelFolder</type>
                    <uuids>
                        <uuid>0832e025-6f56-4977-8b61-c2496ad39a0a</uuid>
                    </uuids>
                </item>
                <item>
                    <type>processModel</type>
                    <uuids>
                        <uuid>0002ec71-2b68-8000-ba28-7f0000014e7a</uuid>
                    </uuids>
                </item>
                <item>
                    <type>portlet</type>
                    <uuids/>
                </item>
                <item>
                    <type>page</type>
                    <uuids/>
                </item>
                <item>
                    <type>application</type>
                    <uuids/>
                </item>
                <item>
                    <type>tempoFeed</type>
                    <uuids/>
                </item>
                <item>
                    <type>recordType</type>
                    <uuids/>
                </item>
                <item>
                    <type>recordField</type>
                    <uuids/>
                </item>
                <item>
                    <type>recordRelationship</type>
                    <uuids/>
                </item>
                <item>
                    <type>tempoReport</type>
                    <uuids/>
                </item>
                <item>
                    <type>taskReport</type>
                    <uuids/>
                </item>
                <item>
                    <type>webApi</type>
                    <uuids/>
                </item>
                <item>
                    <type>site</type>
                    <uuids/>
                </item>
                <item>
                    <type>adminSetting</type>
                    <uuids/>
                </item>
                <item>
                    <type>thirdPartyCredentials</type>
                    <uuids/>
                </item>
                <item>
                    <type>dataSource</type>
                    <uuids/>
                </item>
                <item>
                    <type>embeddedSailTheme</type>
                    <uuids/>
                </item>
                <item>
                    <type>connectedSystem</type>
                    <uuids/>
                </item>
                <item>
                    <type>pluginInfo</type>
                    <uuids/>
                </item>
                <item>
                    <type>featureFlag</type>
                    <uuids/>
                </item>
                <item>
                    <type>designObjectReferenceImplementation</type>
                    <uuids/>
                </item>
                <item>
                    <type>aiSkill</type>
                    <uuids/>
                </item>
                <item>
                    <type>roboticTaskDesignObject</type>
                    <uuids/>
                </item>
                <item>
                    <type>robotPoolDesignObject</type>
                    <uuids/>
                </item>
                <item>
                    <type>portal</type>
                    <uuids/>
                </item>
                <item>
                    <type>translationSet</type>
                    <uuids/>
                </item>
                <item>
                    <type>translationString</type>
                    <uuids/>
                </item>
                <item>
                    <type>translationVariable</type>
                    <uuids/>
                </item>
            </globalIdMap>
        </associatedObjects>
        <applicationNavigation/>
        <applicationActions/>
        <associatedApplications>
            <globalIdMap>
                <item>
                    <type>datatype</type>
                    <uuids/>
                </item>
                <item>
                    <type>dataStore</type>
                    <uuids/>
                </item>
                <item>
                    <type>user</type>
                    <uuids/>
                </item>
                <item>
                    <type>groupType</type>
                    <uuids/>
                </item>
                <item>
                    <type>group</type>
                    <uuids/>
                </item>
                <item>
                    <type>content</type>
                    <uuids/>
                </item>
                <item>
                    <type>forum</type>
                    <uuids/>
                </item>
                <item>
                    <type>processModelFolder</type>
                    <uuids/>
                </item>
                <item>
                    <type>processModel</type>
                    <uuids/>
                </item>
                <item>
                    <type>portlet</type>
                    <uuids/>
                </item>
                <item>
                    <type>page</type>
                    <uuids/>
                </item>
                <item>
                    <type>application</type>
                    <uuids/>
                </item>
                <item>
                    <type>tempoFeed</type>
                    <uuids/>
                </item>
                <item>
                    <type>recordType</type>
                    <uuids/>
                </item>
                <item>
                    <type>recordField</type>
                    <uuids/>
                </item>
                <item>
                    <type>recordRelationship</type>
                    <uuids/>
                </item>
                <item>
                    <type>tempoReport</type>
                    <uuids/>
                </item>
                <item>
                    <type>taskReport</type>
                    <uuids/>
                </item>
                <item>
                    <type>webApi</type>
                    <uuids/>
                </item>
                <item>
                    <type>site</type>
                    <uuids/>
                </item>
                <item>
                    <type>adminSetting</type>
                    <uuids/>
                </item>
                <item>
                    <type>thirdPartyCredentials</type>
                    <uuids/>
                </item>
                <item>
                    <type>dataSource</type>
                    <uuids/>
                </item>
                <item>
                    <type>embeddedSailTheme</type>
                    <uuids/>
                </item>
                <item>
                    <type>connectedSystem</type>
                    <uuids/>
                </item>
                <item>
                    <type>pluginInfo</type>
                    <uuids/>
                </item>
                <item>
                    <type>featureFlag</type>
                    <uuids/>
                </item>
                <item>
                    <type>designObjectReferenceImplementation</type>
                    <uuids/>
                </item>
                <item>
                    <type>aiSkill</type>
                    <uuids/>
                </item>
                <item>
                    <type>roboticTaskDesignObject</type>
                    <uuids/>
                </item>
                <item>
                    <type>robotPoolDesignObject</type>
                    <uuids/>
                </item>
                <item>
                    <type>portal</type>
                    <uuids/>
                </item>
                <item>
                    <type>translationSet</type>
                    <uuids/>
                </item>
                <item>
                    <type>translationString</type>
                    <uuids/>
                </item>
                <item>
                    <type>translationVariable</type>
                    <uuids/>
                </item>
            </globalIdMap>
        </associatedApplications>
    </application>
    <roleMap>
        <contentRoleMap public="true">
            <role inherit="false" allowForAll="false" name="readers">
                <users/>
                <groups>
                    <groupUuid>923f643e-9a4a-457d-9929-7d6f0caba32b</groupUuid>
                </groups>
            </role>
            <role inherit="false" allowForAll="false" name="authors">
                <users/>
                <groups/>
            </role>
            <role inherit="false" allowForAll="false" name="administrators">
                <users/>
                <groups>
                    <groupUuid>ec1bef8d-8b63-45a0-b21c-56f66da631f2</groupUuid>
                </groups>
            </role>
            <role inherit="false" allowForAll="false" name="denyReaders">
                <users/>
                <groups/>
            </role>
            <role inherit="false" allowForAll="false" name="denyAuthors">
                <users/>
                <groups/>
            </role>
            <role inherit="false" allowForAll="false" name="denyAdministrators">
                <users/>
                <groups/>
            </role>
        </contentRoleMap>
    </roleMap>
    <defaultApplicationObjects>
        <object>
            <objectKey>defaultAdminsGroup</objectKey>
            <objectType>group</objectType>
            <objectUuid>ec1bef8d-8b63-45a0-b21c-56f66da631f2</objectUuid>
        </object>
        <object>
            <objectKey>defaultUsersGroup</objectKey>
            <objectType>group</objectType>
            <objectUuid>923f643e-9a4a-457d-9929-7d6f0caba32b</objectUuid>
        </object>
    </defaultApplicationObjects>
    <applicationDocumentation/>
    <history>
        <historyInfo versionUuid="0b5c685d-8368-4955-9c80-c9f2b70c8140"/>
        <historyInfo versionUuid="_a-0000ec63-bb64-8000-9c60-011c48011c48_2866614"/>
    </history>
    <postDeploymentProcessData/>
</applicationHaul>
